"Sample","Expression"
"1",1
"2",820.41
"3",45.88024
"4",94.48136
